SYMBOL,LDCP,OPEN,HIGH,LOW,CURRENT,CHANGE,CHANGE (%),VOLUME
KEL,4.21,4.20,4.31,4.14,4.19,-0.02,-0.48%,"40,006,000"
UNITY,18.01,18.00,18.50,17.80,17.95,-0.06,-0.33%,"33,167,500"
HASCOL,21.04,20.92,21.39,20.70,20.95,-0.09,-0.43%,"32,105,500"
POWER,9.20,9.17,9.61,9.13,9.46,0.26,2.83%,"20,302,000"
PIBTL,13.47,13.33,13.60,13.12,13.26,-0.21,-1.56%,"19,052,500"
PTC,11.77,11.69,12.18,11.55,11.75,-0.02,-0.17%,"17,728,000"
JSCL,31.23,31.00,32.60,28.90,29.25,-1.98,-6.34%,"16,245,500"
ASL,15.97,15.90,16.57,15.70,16.21,0.24,1.50%,"15,781,000"
TRG,56.45,56.75,56.80,53.75,54.50,-1.95,-3.45%,"14,416,000"
FFL,17.59,17.64,18.20,17.11,17.21,-0.38,-2.16%,"11,286,000"
SILK,1.06,1.08,1.14,1.06,1.07,0.01,0.94%,"10,801,000"
FCCL,21.00,21.00,21.40,21.00,21.10,0.10,0.48%,"9,677,500"
FFBL,23.34,23.49,23.69,22.35,22.41,-0.93,-3.98%,"9,108,000"
MLCF,39.68,39.75,40.28,39.40,39.60,-0.08,-0.20%,"8,978,500"
BOP,9.81,9.81,9.90,9.60,9.80,-0.01,-0.10%,"8,839,500"
PRL,21.06,21.06,21.06,20.16,20.45,-0.61,-2.90%,"8,781,500"
BYCO,10.14,10.04,10.16,9.62,9.97,-0.17,-1.68%,"7,680,000"
PAEL,37.88,37.94,37.94,36.50,36.50,-1.38,-3.64%,"6,753,500"
DGKC,113.22,113.00,114.80,111.80,112.65,-0.57,-0.50%,"4,723,500"
EPCL,43.91,43.60,45.49,43.10,44.70,0.79,1.80%,"4,613,500"
ASC,20.08,20.05,20.74,19.76,20.54,0.43,2.14%,"4,598,500"
ILP,64.10,65.90,68.90,65.25,68.90,4.80,7.49%,"4,593,000"
PPL,95.08,94.95,94.95,92.04,92.99,-2.09,-2.20%,"3,680,337"
KAPCO,26.79,26.97,26.97,26.35,26.51,-0.28,-1.05%,"3,522,500"
TOMCL,30.95,31.25,32.30,29.15,31.25,0.30,0.97%,"3,439,500"
ASTL,46.57,46.50,46.75,44.36,45.65,-0.92,-1.98%,"3,342,000"
WTL,1.21,1.21,1.23,1.18,1.20,-0.01,-0.83%,"3,203,000"
SNGP,64.75,64.15,65.00,63.61,64.00,-0.75,-1.16%,"3,040,500"
OGDC,108.11,108.11,108.20,103.99,104.85,-3.26,-3.02%,"3,007,784"
AVN,66.99,66.75,68.80,65.51,67.05,0.06,0.09%,"2,998,500"
DCL,11.45,11.39,11.51,11.03,11.15,-0.30,-2.62%,"2,944,000"
BAFL,35.35,35.12,35.12,34.50,34.71,-0.64,-1.81%,"2,856,470"
EFERTXD,60.18,59.96,62.10,59.96,61.82,1.81,3.02%,"2,855,240"
ISL,80.11,80.00,80.51,76.89,79.70,-0.41,-0.51%,"2,837,500"
FABL,17.70,17.80,17.85,17.61,17.70,0.00,0.00%,"2,828,000"
SEARL,267.33,267.98,273.90,260.15,272.00,4.67,1.75%,"2,563,300"
NETSOL,66.04,64.91,64.91,61.70,62.35,-3.69,-5.59%,"2,424,500"
POWERPS,10.00,10.01,10.15,10.00,10.02,0.02,0.20%,"2,398,000"
FNEL,20.02,20.00,20.70,19.04,19.22,-0.80,-4.00%,"2,374,000"
STPL,14.16,14.10,14.30,13.80,13.94,-0.22,-1.55%,"2,213,000"
EPQL,20.80,20.99,21.85,20.90,21.25,0.45,2.16%,"2,212,000"
DFMLDEF,8.49,8.51,8.95,8.50,8.70,0.21,2.47%,"2,113,500"
GHNI,267.73,266.98,273.75,250.12,269.00,1.27,0.47%,"2,109,000"
NCPL,14.47,14.48,14.50,13.60,13.73,-0.74,-5.11%,"2,010,500"
PSO,202.60,202.51,207.48,199.75,205.10,2.50,1.23%,"1,959,290"
UBL,124.33,124.89,124.90,120.00,124.90,0.57,0.46%,"1,693,239"
ITTEFAQ,15.77,15.89,15.89,15.00,15.03,-0.74,-4.69%,"1,637,500"
LOTCHEM,12.86,12.80,12.90,12.45,12.70,-0.16,-1.24%,"1,627,000"
JSBL,6.97,6.95,7.09,6.75,7.00,0.03,0.43%,"1,606,000"
PIOC,97.86,98.49,99.90,97.30,98.61,0.75,0.77%,"1,596,500"
FEROZ,390.43,386.05,419.71,377.00,419.71,29.28,7.50%,"1,383,200"
MUGHAL,66.96,67.00,68.40,65.20,68.30,1.34,2.00%,"1,324,000"
DAWHXD,130.25,130.50,134.50,127.50,129.00,-1.25,-0.96%,"1,228,400"
GHNL,96.17,95.00,102.00,90.15,99.12,2.95,3.07%,"1,194,000"
AGL,5.23,5.41,5.55,5.20,5.31,0.08,1.53%,"1,185,000"
IBLHL,89.54,90.61,93.50,86.00,90.00,0.46,0.51%,"1,127,000"
WAVES,29.39,29.50,29.56,28.41,28.75,-0.64,-2.18%,"1,120,000"
QUICE,5.50,5.50,5.53,5.04,5.18,-0.32,-5.82%,"1,104,000"
DOL,45.53,45.61,47.00,44.20,46.25,0.72,1.58%,"1,090,500"
LUCK,658.68,659.40,666.99,658.00,663.99,5.31,0.81%,"1,058,308"
MERIT,15.36,15.31,15.68,14.87,15.01,-0.35,-2.28%,"1,017,500"
NRSL,9.88,9.80,9.85,9.40,9.60,-0.28,-2.83%,"964,500"
SSGC,16.92,16.80,16.84,16.40,16.60,-0.32,-1.89%,"938,500"
HUBC,81.74,81.95,81.95,80.05,81.95,0.21,0.26%,"907,564"
PASL,1.02,1.05,1.05,0.95,0.95,-0.07,-6.86%,"880,500"
ATRL,162.89,161.50,162.50,155.11,156.51,-6.38,-3.92%,"879,500"
HUMNL,8.14,8.31,8.31,7.99,8.09,-0.05,-0.61%,"865,500"
DSLDEF,4.92,4.90,4.96,4.70,4.72,-0.20,-4.07%,"862,500"
NML,105.30,105.50,105.99,103.75,105.00,-0.30,-0.28%,"831,500"
GAIL,6.17,6.15,6.15,5.80,5.93,-0.24,-3.89%,"813,500"
PIAA,5.12,5.12,5.12,4.95,5.05,-0.07,-1.37%,"795,000"
TELE,1.97,2.03,2.03,1.88,1.89,-0.08,-4.06%,"761,500"
SMBLDEF,2.07,2.10,2.12,1.96,1.99,-0.08,-3.86%,"740,000"
STCL,14.23,14.01,14.25,13.90,13.94,-0.29,-2.04%,"724,000"
SPL,24.94,24.71,24.80,23.80,23.80,-1.14,-4.57%,"723,000"
PSX,15.83,15.65,16.04,15.50,15.73,-0.10,-0.63%,"693,000"
HBL,131.67,132.99,132.99,130.60,132.00,0.33,0.25%,"641,821"
SNBL,9.62,9.50,9.60,8.76,9.45,-0.17,-1.77%,"618,000"
TRPOL,9.98,9.66,9.83,9.55,9.55,-0.43,-4.31%,"613,000"
THCCL,23.45,23.40,24.15,22.50,22.88,-0.57,-2.43%,"597,500"
MEBLXB,80.79,80.80,81.00,79.97,80.00,-0.79,-0.98%,"589,000"
INIL,154.86,155.00,155.02,151.50,154.02,-0.84,-0.54%,"588,500"
CHCC,131.45,130.97,133.00,129.01,130.30,-1.15,-0.87%,"583,500"
TREET,26.61,26.75,26.80,25.50,25.78,-0.83,-3.12%,"580,000"
PACE,3.59,3.60,3.66,3.45,3.50,-0.09,-2.51%,"572,000"
NBP,40.37,40.20,40.35,39.60,40.00,-0.37,-0.92%,"571,500"
NCL,42.01,42.02,42.49,41.41,41.47,-0.54,-1.29%,"566,500"
ENGROXD,300.05,299.25,306.00,299.25,304.02,3.97,1.32%,"549,849"
SPEL,49.03,49.40,49.40,46.00,48.00,-1.03,-2.10%,"512,500"
ANL,19.98,19.50,20.05,19.30,19.31,-0.68,-3.40%,"502,500"
CLOV,102.28,101.22,103.88,97.00,97.10,-5.18,-5.06%,"496,500"
NRL,197.79,196.10,197.40,189.30,191.60,-6.19,-3.13%,"494,700"
LOADS,20.36,20.25,20.25,19.15,19.48,-0.88,-4.32%,"467,000"
MCB,176.81,179.40,179.40,174.50,177.00,0.19,0.11%,"465,868"
PREMA,21.20,21.13,21.35,20.75,20.90,-0.30,-1.42%,"443,000"
GGGL,14.85,14.89,15.09,14.69,14.74,-0.11,-0.74%,"443,000"
FHAM,11.62,11.97,12.27,11.80,12.00,0.38,3.27%,"443,000"
CSIL,3.21,3.21,3.30,3.11,3.30,0.09,2.80%,"440,500"
LPL,13.53,13.41,13.68,13.32,13.43,-0.10,-0.74%,"431,000"
BGL,8.05,8.14,8.15,7.86,7.90,-0.15,-1.86%,"418,500"
BIFO,166.64,166.00,169.98,166.00,167.25,0.61,0.37%,"414,500"
ICIBL,1.08,1.06,1.06,1.02,1.02,-0.06,-5.56%,"414,000"
GGL,15.90,16.09,16.09,15.27,15.49,-0.41,-2.58%,"411,500"
TPL,6.13,6.05,6.17,5.95,5.95,-0.18,-2.94%,"408,000"
SAZEW,163.02,163.98,168.40,158.00,166.85,3.83,2.35%,"398,900"
RPL,36.89,36.80,37.50,35.72,36.50,-0.39,-1.06%,"391,000"
HTL,43.38,42.83,44.20,42.00,42.75,-0.63,-1.45%,"377,000"
GATM,39.53,39.75,39.75,38.85,38.85,-0.68,-1.72%,"355,500"
FFC,109.04,109.00,110.10,109.00,110.00,0.96,0.88%,"330,278"
MFL,23.89,23.89,23.89,23.00,23.20,-0.69,-2.89%,"324,000"
DSIL,2.34,2.33,2.39,2.22,2.39,0.05,2.14%,"300,000"
YOUW,3.75,3.99,3.99,3.76,3.76,0.01,0.27%,"288,500"
SERF,8.65,8.50,8.75,8.50,8.75,0.10,1.16%,"277,500"
GTYR,71.72,72.00,72.00,69.50,71.25,-0.47,-0.66%,"272,000"
BAHL,64.75,64.70,65.00,64.20,65.00,0.25,0.39%,"271,769"
MODAM,7.00,6.26,6.50,6.00,6.00,-1.00,-14.29%,"258,000"
HCAR,306.09,305.01,308.70,295.00,306.50,0.41,0.13%,"249,200"
ESBL,13.89,13.63,14.00,13.34,13.70,-0.19,-1.37%,"240,000"
KOSM,2.65,2.66,2.70,2.57,2.60,-0.05,-1.89%,"239,000"
CRTM,22.16,22.19,22.50,21.51,21.80,-0.16,-0.73%,"238,500"
PSMC,223.84,220.51,224.70,218.00,223.90,0.06,0.03%,"236,900"
FLYNG,11.01,11.10,11.10,10.62,10.70,-0.31,-2.82%,"235,500"
GLAXO,184.69,183.23,186.50,183.00,184.65,-0.04,-0.02%,"234,900"
MDTL,1.51,1.50,1.53,1.45,1.49,-0.02,-1.32%,"233,500"
PAKRI,27.62,27.90,28.88,27.00,28.87,1.25,4.53%,"223,500"
FCSC,1.68,1.70,1.80,1.52,1.67,-0.01,-0.60%,"218,000"
CEPB,113.29,113.20,116.85,109.80,115.30,2.01,1.77%,"217,000"
AGP,114.50,113.10,115.55,112.10,114.88,0.44,0.38%,"214,000"
IMSLDEF,14.01,14.00,14.50,13.75,14.50,0.49,3.50%,"199,500"
SYS,295.18,295.01,300.50,289.00,299.00,3.82,1.29%,"196,000"
FDIBL,2.42,2.47,2.52,2.25,2.52,0.10,4.13%,"190,500"
KOHC,199.86,203.00,205.00,199.00,200.00,0.14,0.07%,"188,100"
NEXT,11.98,12.00,12.38,11.03,12.00,0.02,0.17%,"188,000"
BIPL,10.85,10.75,10.75,10.56,10.70,-0.15,-1.38%,"182,500"
EFUL,198.12,196.10,196.10,185.00,190.00,-8.12,-4.10%,"171,900"
PILDEF,1.15,1.10,1.29,1.10,1.25,0.10,8.70%,"168,500"
IGIHL,219.18,223.41,229.00,218.00,226.10,6.92,3.16%,"159,200"
TRSM,3.20,3.21,4.19,3.21,3.70,0.50,15.63%,"158,000"
FCEPL,86.30,86.00,87.00,85.00,87.00,0.70,0.81%,"155,500"
CPPL,190.80,187.90,190.80,182.15,190.80,0.00,0.00%,"151,700"
FIBLM,3.10,3.00,3.02,3.00,2.90,-0.08,-2.68%,"150,500"
PAKMI,2.34,2.45,2.49,2.01,2.15,-0.19,-8.12%,"150,000"
SHEL,244.80,245.01,249.50,239.00,247.80,3.00,1.23%,"139,000"
SEPL,212.65,210.00,224.00,209.00,224.00,11.35,5.34%,"138,400"
BPL,36.40,34.50,34.51,33.67,33.67,-2.73,-7.50%,"135,500"
GHGL,53.03,53.00,54.00,52.20,53.00,-0.03,-0.06%,"135,000"
POL,425.77,425.50,426.72,421.00,424.01,-1.76,-0.41%,"133,714"
AICL,42.00,42.00,43.00,41.75,42.35,0.35,0.83%,"127,000"
DCR,11.03,11.00,11.04,10.96,11.04,0.01,0.09%,"126,500"
TRIPF,165.32,165.00,177.71,163.75,177.71,12.39,7.49%,"126,000"
FPRM,7.27,7.42,7.89,6.30,7.00,-0.27,-3.71%,"122,000"
CSAP,78.96,79.00,79.85,76.50,78.20,-0.76,-0.96%,"121,500"
DFSM,2.04,1.92,1.98,1.81,1.89,-0.14,-6.90%,"108,000"
TGL,94.72,94.10,94.39,93.00,93.20,-1.52,-1.60%,"105,000"
KSBP,286.60,286.00,308.09,280.00,308.09,21.49,7.50%,"101,800"
PIM,7.01,8.00,8.00,6.01,6.05,-0.96,-13.69%,"82,000"
ACPL,166.57,167.00,168.95,160.10,167.10,0.53,0.32%,"81,400"
TPLT,10.10,9.81,10.20,9.81,10.00,-0.10,-0.99%,"79,500"
ATIL,58.50,57.50,57.50,55.75,56.90,-1.60,-2.74%,"78,500"
PMI,1.60,1.50,1.65,1.40,1.40,-0.20,-12.50%,"77,000"
DKLDEF,5.11,5.08,5.10,4.90,5.03,-0.08,-1.57%,"76,000"
SMCPL,8.10,8.24,8.24,7.91,7.96,-0.10,-1.24%,"75,000"
GWLC,27.30,26.80,27.50,26.62,26.99,-0.31,-1.14%,"73,500"
AEL,10.27,10.28,11.27,10.28,11.27,1.00,9.74%,"70,500"
SKRS,9.95,10.23,10.23,9.80,9.90,-0.05,-0.50%,"68,000"
DLLXD,195.00,194.00,195.00,190.00,194.10,0.00,0.00%,"65,200"
FATIMA,29.44,29.50,29.65,28.71,29.50,0.06,0.20%,"64,000"
ECOP,19.93,20.04,20.04,19.41,19.50,-0.43,-2.16%,"62,500"
CTM,4.02,4.00,4.15,3.95,4.07,0.05,1.24%,"62,500"
BERG,89.75,88.05,88.25,85.25,87.00,-3.00,-3.33%,"60,500"
KOIL,5.06,4.86,5.07,4.86,4.92,-0.14,-2.77%,"58,500"
AHLXD,53.00,53.00,53.35,51.52,53.00,0.00,0.00%,"58,000"
FUDLM,8.50,8.50,8.50,8.12,8.30,-0.20,-2.35%,"55,500"
786,13.44,13.11,13.11,12.44,12.44,-1.00,-7.44%,"55,000"
OLPL,27.03,27.05,27.05,26.90,27.00,-0.03,-0.11%,"54,500"
SINDM,11.26,11.10,11.10,10.55,10.75,-0.51,-4.53%,"52,500"
HGFA,10.01,10.05,10.05,9.60,9.75,-0.26,-2.60%,"52,500"
SPWL,17.16,17.03,17.39,16.00,17.00,-0.16,-0.93%,"50,000"
ORM,7.85,7.60,7.80,7.56,7.56,-0.29,-3.69%,"49,500"
CYAN,34.72,35.00,35.00,33.51,34.00,-0.72,-2.07%,"48,000"
TPLP,10.33,10.10,10.20,9.85,10.00,-0.33,-3.19%,"47,500"
AKBL,19.05,19.00,19.05,18.84,19.00,-0.05,-0.26%,"45,000"
UNICXD,7.45,7.41,7.50,7.30,7.50,0.05,0.67%,"43,500"
BILFDEF,1.61,1.68,1.68,1.55,1.55,-0.06,-3.73%,"43,000"
BOK,13.61,13.00,13.90,12.60,13.75,0.14,1.03%,"43,000"
SPLCDEF,1.91,1.85,1.87,1.72,1.75,-0.16,-8.38%,"42,500"
ASTM,8.25,8.25,8.85,7.50,7.75,-0.50,-6.06%,"41,000"
UCAPMDEF,1.16,1.19,1.20,1.05,1.13,-0.03,-2.59%,"41,000"
EFGH,27.24,26.12,27.40,26.12,27.40,0.16,0.59%,"39,000"
CWSM,2.11,2.10,2.10,2.02,2.02,-0.09,-4.27%,"38,500"
KTML,60.57,61.95,62.00,59.10,60.50,-0.07,-0.12%,"36,000"
HSM,19.60,19.30,20.20,19.25,20.20,0.60,3.06%,"35,000"
AGSML,2.93,2.84,2.95,2.80,2.80,-0.13,-4.44%,"34,500"
ZTL,7.52,7.70,8.00,7.50,7.90,0.38,5.05%,"34,500"
NATF,289.82,287.06,288.00,284.50,286.00,-3.82,-1.32%,"32,900"
PAKOXY,154.97,155.20,155.20,148.00,153.00,-1.97,-1.27%,"32,900"
JSML,21.80,21.80,22.15,21.75,21.90,0.10,0.46%,"31,500"
MTL,885.35,881.10,885.00,873.00,880.00,-5.35,-0.60%,"28,400"
MARIXD,"1,398.09","1,400.00","1,420.00","1,365.02","1,420.00",21.91,1.57%,"27,120"
JGICL,45.74,44.06,45.70,44.05,45.70,-0.04,-0.09%,"27,000"
SLL,3.50,3.10,3.17,3.10,3.15,-0.35,-10.00%,"26,500"
ICIXD,738.62,740.00,744.99,725.14,735.00,-3.62,-0.49%,"26,400"
FANM,3.70,3.68,3.90,3.31,3.74,0.04,1.08%,"26,000"
ICL,29.54,29.75,29.75,29.00,29.00,-0.54,-1.83%,"25,000"
FML,103.54,101.10,102.10,101.00,102.00,-1.54,-1.49%,"25,000"
BAPLDEF,20.43,21.96,21.96,21.96,21.96,1.53,7.49%,"25,000"
PICT,182.57,182.10,182.99,180.03,182.27,-0.30,-0.16%,"23,700"
HIRATDEF,2.77,2.70,2.80,2.60,2.60,-0.17,-6.14%,"23,500"
BRR,10.49,9.70,10.00,9.70,10.00,-0.49,-4.67%,"23,500"
PKGP,18.72,18.41,18.78,18.16,18.17,-0.55,-2.94%,"23,500"
ALTN,27.10,26.55,27.16,26.55,27.15,0.05,0.18%,"21,500"
PKGS,504.91,504.53,510.00,500.00,510.00,5.09,1.01%,"21,100"
FPJM,2.67,2.50,2.71,2.50,2.60,-0.07,-2.62%,"21,000"
PCAL,143.46,140.50,148.00,140.00,144.90,1.44,1.00%,"20,900"
PNSC,90.85,90.50,92.90,90.00,90.20,-0.65,-0.72%,"20,500"
GVGL,42.51,42.51,43.45,42.20,42.50,-0.01,-0.02%,"20,500"
GRYL,7.89,8.00,8.00,7.06,7.16,-0.73,-9.25%,"20,000"
SBL,7.04,6.04,7.40,6.04,7.40,0.36,5.11%,"20,000"
SHNI,4.40,4.26,4.26,4.22,4.26,-0.14,-3.18%,"19,500"
FCIBL,18.05,17.60,17.60,16.70,16.70,-1.35,-7.48%,"18,000"
ATBA,218.77,217.10,219.00,211.01,219.00,0.23,0.11%,"17,700"
FECTC,37.13,37.49,37.50,36.00,36.06,-1.07,-2.88%,"17,000"
THALL,420.68,419.00,430.00,410.00,430.00,9.32,2.22%,"16,000"
DWSMDEF,3.22,3.15,3.15,3.10,3.10,-0.12,-3.73%,"15,500"
NAGC,43.02,41.10,41.90,39.80,41.90,-1.12,-2.60%,"15,500"
KOHPDEF,2.20,2.00,2.10,1.80,2.10,-0.10,-4.55%,"14,500"
SRVI,733.78,736.78,750.00,735.00,735.06,1.28,0.17%,"14,050"
ABOT,776.30,776.84,776.84,760.00,775.00,-1.30,-0.17%,"13,700"
UBDL,34.95,34.50,34.50,33.50,34.51,-0.45,-1.29%,"13,000"
TSPLXD,4.00,3.86,4.00,3.86,4.00,0.00,0.00%,"13,000"
SMTM,3.73,3.71,3.85,3.70,3.85,0.12,3.22%,"13,000"
JATM,6.22,6.15,6.85,6.00,6.82,0.60,9.65%,"13,000"
SSML,4.06,4.01,4.20,3.90,3.95,-0.11,-2.71%,"12,500"
HRPL,37.93,37.61,38.25,37.09,38.25,0.32,0.84%,"12,500"
APL,350.57,349.90,349.90,342.01,343.01,-7.56,-2.16%,"12,300"
SHDT,38.18,37.10,39.45,36.50,38.49,0.31,0.81%,"11,000"
KML,43.00,39.78,39.78,39.78,39.78,-3.22,-7.49%,"10,500"
AHCL,43.53,42.00,42.50,41.12,41.12,-2.41,-5.54%,"10,000"
IGIL,46.00,0.00,0.00,0.00,43.02,0.00,0.00%,"10,000"
PKGIDEF,2.90,2.85,2.90,2.85,2.90,0.00,0.00%,"9,500"
GSKCH,305.01,305.01,305.50,303.00,303.00,-2.01,-0.66%,"8,900"
HMB,35.88,35.45,35.50,35.45,35.50,-0.38,-1.06%,"8,000"
DYNO,186.01,185.01,185.01,182.25,184.50,-1.51,-0.81%,"8,000"
MFFL,282.92,304.13,304.13,304.13,304.13,21.21,7.50%,"7,800"
PINL,6.37,6.06,6.06,6.06,6.05,-0.31,-4.87%,"7,500"
RUBY,7.50,7.10,7.30,6.81,7.25,-0.25,-3.33%,"7,500"
PAKD,65.29,64.99,65.70,62.25,63.20,-2.09,-3.20%,"7,500"
PPP,100.25,98.00,98.10,96.00,97.77,-2.48,-2.47%,"7,500"
NCMLDEF,3.70,3.50,3.50,3.41,3.41,-0.29,-7.84%,"7,000"
ATLH,448.00,442.00,447.00,442.00,447.00,-1.00,-0.22%,"7,000"
ABL,85.00,84.06,85.00,84.00,85.00,0.00,0.00%,"7,000"
RICL,7.11,7.00,7.16,7.00,7.16,0.05,0.70%,"7,000"
BUXL,56.99,57.48,57.50,57.45,57.50,0.51,0.89%,"7,000"
MCBAH,31.45,31.20,33.47,30.21,33.47,2.02,6.42%,"7,000"
FTMM,14.50,15.58,15.58,15.58,15.58,1.08,7.45%,"7,000"
SHJS,70.08,70.00,73.00,70.00,73.00,2.92,4.17%,"6,500"
BWHL,75.23,74.99,79.00,74.00,78.50,3.27,4.35%,"6,500"
STJT,95.01,102.13,102.13,100.00,100.00,4.99,5.25%,"6,500"
SIBL,7.53,8.00,8.00,8.00,8.00,0.47,6.24%,"6,500"
JLICL,460.00,451.00,451.00,445.00,445.00,-15.00,-3.26%,"6,200"
MRNS,76.45,74.00,74.50,74.00,74.50,-1.95,-2.55%,"6,000"
BCL,74.99,71.15,72.00,69.51,69.51,-5.48,-7.31%,"5,500"
FRCL,14.22,13.31,13.40,13.16,13.20,-1.02,-7.17%,"5,500"
SML,43.92,42.50,42.50,42.00,42.00,-1.92,-4.37%,"5,500"
NPL,22.60,22.12,22.25,22.12,22.25,-0.35,-1.55%,"5,500"
CHAS,95.13,99.00,100.00,93.00,94.22,-0.91,-0.96%,"5,500"
ALACXR,7.66,7.61,7.70,7.61,7.70,0.04,0.52%,"5,500"
SHFA,261.67,260.01,260.01,255.00,260.00,-1.67,-0.64%,"5,400"
HINO,689.00,694.00,694.00,670.00,673.00,-16.00,-2.32%,"5,000"
AGIL,236.00,233.64,236.00,232.00,236.00,0.00,0.00%,"5,000"
EXIDE,352.44,350.00,350.00,335.00,347.00,-5.44,-1.54%,"4,700"
QUET,9.00,8.01,8.25,8.00,8.25,-0.75,-8.33%,"4,500"
INKL,17.50,18.41,18.50,17.02,17.02,-0.48,-2.74%,"4,500"
GFIL,4.30,4.30,4.30,4.25,4.44,-0.05,-1.11%,"4,500"
UDPL,43.00,45.48,45.48,41.00,42.99,-0.01,-0.02%,"4,500"
FTSM,4.50,4.50,4.60,4.50,4.60,0.10,2.22%,"4,500"
SITC,316.77,325.00,334.99,311.20,318.80,2.03,0.64%,"4,400"
ZIL,107.09,108.10,111.00,108.00,111.00,3.91,3.65%,"4,300"
INDUXD,"1,353.42","1,335.00","1,350.00","1,320.00","1,330.00",-23.42,-1.73%,"4,250"
BWCL,158.63,158.63,160.00,155.00,157.00,-1.63,-1.03%,"4,200"
FEM,3.68,3.05,3.49,3.05,3.49,-0.19,-5.16%,"4,000"
HICL,9.40,9.15,9.15,9.15,9.15,-0.25,-2.66%,"3,500"
HIFA,3.69,3.50,3.60,3.50,3.60,-0.09,-2.44%,"3,500"
REWM,31.25,29.45,31.00,29.42,30.99,-0.26,-0.83%,"3,500"
WAHN,241.45,241.00,241.00,235.00,240.00,-1.45,-0.60%,"3,500"
ORIXM,19.00,19.30,19.30,19.00,19.00,0.00,0.00%,"3,500"
TATM,36.23,35.50,37.90,35.50,37.90,1.67,4.61%,"3,500"
JUBSDEF,4.80,4.56,4.56,4.43,4.43,-0.37,-7.71%,"3,000"
PRWM,42.88,41.20,41.25,40.00,40.00,-2.88,-6.72%,"3,000"
KASBM,1.15,1.15,1.15,1.15,1.15,0.00,0.00%,"3,000"
KOHE,36.00,34.01,36.00,34.01,36.00,0.00,0.00%,"3,000"
SHSML,100.00,100.01,101.50,100.00,101.50,1.50,1.50%,"3,000"
AWWAL,10.90,11.90,11.90,11.90,11.90,1.00,9.17%,"3,000"
ISIL,439.00,471.92,471.92,420.00,434.50,-4.50,-1.03%,"2,900"
MUREB,660.39,660.00,660.00,640.00,650.00,-10.39,-1.57%,"2,550"
BNWM,40.71,38.30,40.89,38.30,39.01,-1.70,-4.18%,"2,500"
JKSM,41.00,40.00,40.00,40.00,40.00,-1.00,-2.44%,"2,500"
HABSM,36.80,36.50,36.50,36.25,36.16,-0.55,-1.50%,"2,500"
GADT,229.00,235.00,235.00,225.00,226.00,-3.00,-1.31%,"2,400"
SIEM,590.00,593.00,593.00,589.00,590.00,0.00,0.00%,"2,350"
ASLPS,20.00,19.00,19.00,18.50,18.50,-1.50,-7.50%,"2,000"
MSOT,64.67,63.00,63.00,62.00,62.00,-2.67,-4.13%,"2,000"
UVIC,5.00,4.85,5.58,4.75,4.80,-0.20,-4.00%,"2,000"
MACFL,24.25,25.39,25.39,23.10,23.99,-0.26,-1.07%,"2,000"
RUPL,19.45,19.50,19.50,19.50,19.50,0.05,0.26%,"2,000"
REDCO,6.60,6.40,6.70,6.11,6.70,0.10,1.52%,"2,000"
DAAG,11.11,11.49,11.49,11.30,11.30,0.19,1.71%,"2,000"
ADOS,25.71,25.06,26.49,25.02,26.49,0.78,3.03%,"2,000"
GAMONDEF,15.21,14.20,14.50,14.20,14.50,-0.71,-4.67%,"1,500"
LPGL,15.70,15.50,15.50,15.10,15.10,-0.60,-3.82%,"1,500"
SSOM,52.76,52.00,52.00,51.00,51.00,-1.76,-3.34%,"1,500"
PPVCDEF,3.50,3.40,3.40,3.40,3.40,-0.10,-2.86%,"1,500"
NICL,80.00,76.00,79.00,76.00,79.00,-1.00,-1.25%,"1,500"
JSGCL,66.50,66.50,66.50,66.50,66.50,0.00,0.00%,"1,500"
HMM,9.54,9.69,9.69,9.65,9.68,0.11,1.15%,"1,500"
TSML,342.21,358.99,358.99,316.55,349.00,6.79,1.98%,"1,500"
ARPAK,118.00,121.50,121.50,121.50,121.50,3.50,2.97%,"1,500"
FASM,305.00,304.99,305.00,304.99,305.00,0.00,0.00%,"1,300"
SURC,200.00,200.00,200.00,200.00,200.00,0.00,0.00%,"1,300"
SAPT,860.00,860.00,904.99,815.50,820.00,-40.00,-4.65%,"1,200"
ANTM,11.92,10.92,10.92,10.92,10.92,-1.00,-8.39%,"1,000"
MSCL,10.37,9.60,9.60,9.55,9.55,-0.82,-7.91%,"1,000"
DEL,5.71,5.51,5.51,5.30,5.30,-0.41,-7.18%,"1,000"
LEUL,14.50,13.70,13.70,13.70,13.70,-0.80,-5.52%,"1,000"
MACTER,146.15,138.00,138.50,138.00,138.50,-7.65,-5.23%,"1,000"
DADX,31.92,30.31,30.31,30.30,30.30,-1.62,-5.08%,"1,000"
ADMM,55.99,53.00,54.00,53.00,54.00,-1.99,-3.55%,"1,000"
SAIF,16.73,16.50,16.50,16.30,16.30,-0.43,-2.57%,"1,000"
PHDL,102.50,100.00,100.00,100.00,100.00,-2.50,-2.44%,"1,000"
EMCO,29.00,29.00,29.00,29.00,29.00,0.00,0.00%,"1,000"
TSMF,3.50,3.50,3.50,3.50,3.50,0.00,0.00%,"1,000"
IBFL,62.60,63.50,63.51,63.50,63.51,0.91,1.45%,"1,000"
MTILDEF,6.23,6.50,6.56,6.50,6.56,0.33,5.30%,"1,000"
KHSM,6.86,7.45,7.45,7.45,7.45,0.59,8.60%,"1,000"
SHEZ,242.80,240.50,245.90,240.00,245.90,3.10,1.28%,900
AGTL,388.00,382.00,382.00,382.00,382.00,-6.00,-1.55%,800
OTSU,289.00,285.00,285.00,285.00,285.00,-4.00,-1.38%,800
PMRS,475.00,440.00,459.00,440.00,459.00,-16.00,-3.37%,600
AABS,320.00,320.00,320.00,320.00,320.00,0.00,0.00%,600
SFL,700.00,699.60,699.70,680.00,680.00,-20.00,-2.86%,550
ARM,11.48,10.95,10.95,10.95,10.95,-0.53,-4.62%,500
MIRKS,85.00,81.50,81.50,81.50,81.50,-3.50,-4.12%,500
DINT,49.50,47.56,47.56,47.56,47.56,-1.94,-3.92%,500
AKDCL,108.01,105.11,105.11,105.11,105.11,-2.90,-2.68%,500
JSIL,22.00,21.50,21.50,21.50,21.50,-0.50,-2.27%,500
JVDC,23.56,23.50,23.50,23.50,23.50,-0.06,-0.25%,500
FECM,3.04,0.00,0.00,0.00,3.18,0.00,0.00%,500
JDWS,224.00,224.01,224.02,224.00,224.00,0.00,0.00%,500
WYETH,910.00,0.00,0.00,0.00,909.00,0.00,0.00%,500
BNL,52.30,56.22,56.22,56.22,56.22,3.92,7.50%,500
COLGXDXB,"3,010.00","3,097.99","3,188.00","3,000.00","3,000.00",-10.00,-0.33%,400
HINOON,629.55,628.00,628.00,628.00,628.00,-1.55,-0.25%,400
EFUG,118.07,122.50,124.50,122.50,124.50,6.43,5.45%,400
ARPL,595.00,587.00,593.05,585.05,593.05,-1.95,-0.33%,350
NESTLE,"6,890.00","6,800.03","6,800.03","6,611.25","6,611.25",-278.75,-4.05%,280
IDYM,583.58,626.99,626.99,579.00,580.00,-3.58,-0.61%,250
SAPL,850.00,845.00,850.00,845.00,850.00,0.00,0.00%,250
BATA,"1,641.00","1,631.00","1,631.00","1,630.00","1,630.00",-11.00,-0.67%,140
PAKT,"1,700.00","1,700.00","1,700.00","1,700.00","1,700.00",0.00,0.00%,120
PECODEF,240.00,222.00,222.00,222.00,222.00,-18.00,-7.50%,100
PMPK,"1,700.00","1,680.00","1,700.00","1,680.00","1,700.00",0.00,0.00%,80
RMPLXD,"8,400.00","8,225.00","8,350.00","8,225.00","8,350.00",-50.00,-0.60%,60
